City ID,City,Country,Lat,Lng,Temperature,Humidity,Clouds,Wind Speed
2163355,Hobart,AU,-42.8794,147.3294,55.26,50,40,19.57
6201424,Mataura,NZ,-46.1927,168.8643,49.62,90,89,6.4
3883457,Lebu,CL,-37.6167,-73.65,47.68,87,3,14.43
3984997,San Quintín,MX,30.4833,-115.95,68.94,80,0,5.44
5855927,Hilo,US,19.7297,-155.09,74.93,83,90,4.61
3893629,Coquimbo,CL,-29.9533,-71.3436,53.33,87,0,3.44
3874787,Punta Arenas,CL,-53.15,-70.9167,53.71,66,75,25.32
1498087,Nadym,RU,65.5333,72.5167,36.88,98,100,8.43
3356832,Henties Bay,NA,-22.116,14.2845,52.57,93,0,3.96
1784239,Ningxiang,CN,37.34,111.2052,72.64,32,1,14.07
5848280,Kapaa,US,22.0752,-159.319,79.12,78,90,13.8
5563839,Fortuna,US,40.5982,-124.1573,56.32,94,1,10.36
6165406,Thompson,CA,55.7435,-97.8558,32.16,93,40,2.3
4513583,Hamilton,US,39.1834,-84.5333,67.77,92,20,0.0
1519924,Kushmurun,KZ,52.4503,64.6311,44.87,61,8,8.19
3369157,Cape Town,ZA,-33.9258,18.4232,52.21,66,0,11.5
5106841,Albany,US,42.6001,-73.9662,57.52,91,99,5.82
4034551,Faanui,PF,-16.4833,-151.75,79.3,69,10,11.16
3366880,Hermanus,ZA,-34.4187,19.2345,51.06,70,84,9.78
2015306,Tiksi,RU,71.6872,128.8694,38.86,65,99,10.83
1633419,Padang,ID,-0.9492,100.3543,87.85,72,32,5.17
4035715,Avarua,CK,-21.2078,-159.775,77.05,88,75,8.05
3792379,Santa Rosa del Sur,CO,7.9644,-74.0544,68.43,96,100,2.42
1276621,Begamganj,IN,23.6,78.3333,81.12,79,19,6.98
2618795,Klaksvík,FO,62.2266,-6.589,52.72,84,100,22.73
5866583,Saint Paul Harbor,US,57.79,-152.4072,43.63,55,6,25.12
3372472,Vila Franca do Campo,PT,37.7167,-25.4333,68.41,80,77,7.65
2512989,Palma de Mallorca,ES,39.5694,2.6502,66.0,88,20,8.05
3980125,Villa Unión,MX,23.2,-106.2333,80.56,89,75,0.0
2075265,Busselton,AU,-33.65,115.3333,65.71,54,0,10.8
1262534,Multai,IN,21.7667,78.25,78.4,82,78,10.07
3576994,Cockburn Town,TC,21.4612,-71.1419,83.07,78,67,18.72
3466704,Castro,BR,-24.7911,-50.0119,68.76,52,6,1.61
3533462,Acapulco de Juárez,MX,16.8634,-99.8901,79.32,83,79,5.32
2110227,Butaritari,KI,3.0707,172.7902,83.3,71,77,14.36
5122534,Jamestown,US,42.097,-79.2353,66.11,82,1,12.66
3833367,Ushuaia,AR,-54.8,-68.3,46.06,76,75,3.44
1717787,Catuday,PH,16.2923,119.8062,83.64,71,12,7.09
3424607,Tasiilaq,GL,65.6145,-37.6368,35.76,80,98,6.98
305268,Kütahya,TR,39.4242,29.9833,57.15,51,47,3.67
4129397,Russellville,US,35.2784,-93.1338,78.94,73,1,0.0
3336897,La Rioja,ES,42.25,-2.5,46.18,96,69,4.14
5282297,Bethel,US,41.3712,-73.414,58.89,88,1,4.61
3691324,Tocache,PE,-8.1842,-76.5125,72.59,83,53,0.16
2156643,Mount Gambier,AU,-37.8333,140.7667,53.51,71,90,19.57
2155415,New Norfolk,AU,-42.7826,147.0587,54.9,78,96,5.59
5880054,Barrow,US,71.2906,-156.7887,32.02,80,90,20.71
4032243,Vaini,TO,-21.2,-175.2,73.56,83,40,21.45
1028434,Quelimane,MZ,-17.8786,36.8883,58.95,100,0,0.0
136399,Delījān,IR,33.9905,50.6838,77.0,16,0,1.97
359792,Aswān,EG,24.0934,32.907,81.7,21,0,5.75
3414079,Olafsvik,IS,64.8945,-23.7142,44.6,84,100,14.05
3920244,Chulumani,BO,-16.4096,-67.5263,62.94,94,95,1.39
215668,Kabalo,CD,-6.05,26.9167,77.58,55,17,1.28
3347019,Mossamedes,AO,-15.1961,12.1522,60.48,86,6,2.93
2122090,Pevek,RU,69.7008,170.3133,29.19,74,98,4.52
1226260,Trincomalee,LK,8.5711,81.2335,86.97,63,85,13.91
1006984,East London,ZA,-33.0153,27.9116,56.34,50,0,14.97
2038482,Bamiantong,CN,44.9333,130.5333,59.47,94,100,9.06
2365560,Palimé,TG,6.9,0.6333,70.88,98,51,1.32
3981391,Tomatlán,MX,19.9333,-105.25,73.87,94,30,2.82
2206939,Bluff,NZ,-46.6,168.3333,50.2,81,79,15.05
178443,Wajir,KE,1.7471,40.0573,76.59,63,2,17.13
6185377,Yellowknife,CA,62.456,-114.3525,43.32,100,75,8.05
3448903,São João da Barra,BR,-21.6403,-41.0511,72.05,88,61,17.16
3529510,Ejutla de Crespo,MX,16.5667,-96.7333,65.23,89,74,2.26
3460344,Jacobina,BR,-11.1806,-40.5183,63.61,96,93,3.62
964432,Port Alfred,ZA,-33.5906,26.891,58.8,62,74,18.41
2388614,Boda,CF,4.3189,17.4695,68.83,96,94,2.8
2020838,Lensk,RU,60.7253,114.9278,60.26,56,88,4.72
2017155,Saskylakh,RU,71.9167,114.0833,36.7,81,90,7.18
1106677,Bambous Virieux,MU,-20.3428,57.7575,71.85,56,20,8.05
1171376,Malakwal,PK,32.5536,73.2123,90.43,57,46,6.69
3421765,Nanortalik,GL,60.1432,-45.2371,36.86,70,1,17.49
4036284,Alofi,NU,-19.0595,-169.9187,75.09,88,0,9.22
2963295,Killybegs,IE,54.6333,-8.45,54.21,92,99,6.98
935215,Saint-Philippe,RE,-21.3585,55.7679,71.19,70,91,12.68
5905393,Bonavista,CA,48.6499,-53.1147,35.6,71,15,12.46
1735106,George Town,MY,5.4112,100.3354,78.75,89,40,4.61
3467445,Cantagalo,BR,-21.9811,-42.3681,64.85,91,97,2.39
6170031,Tuktoyaktuk,CA,69.4541,-133.0374,37.4,81,90,14.97
3831208,Qaanaaq,GL,77.484,-69.3632,11.97,72,50,10.22
212360,Kongolo,CD,-5.3833,27.0,76.91,56,86,2.68
7281807,Seddon,AU,-37.8068,144.8916,54.41,56,75,17.27
4030556,Rikitea,PF,-23.1203,-134.9692,74.1,74,5,12.71
3932145,Pisco,PE,-13.7,-76.2167,62.65,77,0,2.3
3372964,Lagoa,PT,39.05,-27.9833,69.51,78,11,13.78
1649150,Bengkulu,ID,-3.8004,102.2655,81.03,82,88,7.65
3446692,Tatuí,BR,-23.3556,-47.8569,78.1,46,58,0.29
760584,Rawa Mazowiecka,PL,51.7644,20.2549,36.01,77,57,9.31
3421719,Narsaq,GL,60.9167,-46.05,32.22,48,0,5.44
780687,Berlevåg,NO,70.8578,29.0864,37.4,76,52,30.76
2980080,Saint-François,FR,46.4154,3.9054,54.84,100,90,5.75
2381334,Atar,MR,20.5169,-13.0499,84.07,26,0,9.98
2092164,Lorengau,PG,-2.0226,147.2712,84.07,64,68,3.58
1819729,Hong Kong,HK,22.2855,114.1577,87.91,67,59,3.98
2121385,Severo-Kuril'sk,RU,50.6789,156.125,50.54,81,14,31.05
6111862,Port Hardy,CA,50.6996,-127.4199,53.78,94,90,9.22
4020109,Atuona,PF,-9.8,-139.0333,77.9,71,3,20.54
3372707,Ribeira Grande,PT,38.5167,-28.7,70.81,76,4,11.99
1634614,Nabire,ID,-3.3667,135.4833,81.23,74,100,3.65
5546220,Saint George,US,37.1041,-113.5841,73.99,15,1,16.11
986717,Kruisfontein,ZA,-34.0033,24.7314,50.9,78,45,10.65
3115824,Muros,ES,42.7762,-9.0603,57.7,78,1,9.84
3395458,Maragogi,BR,-9.0122,-35.2225,72.66,79,36,4.21
2025256,Chumikan,RU,54.7183,135.315,55.69,38,0,2.04
2294915,Takoradze,GH,4.8845,-1.7554,75.16,94,68,7.38
2027296,Aykhal,RU,66.0,111.5,40.64,49,100,23.04
2128975,Nemuro,JP,43.3236,145.575,70.23,86,51,14.56
3625710,Upata,VE,8.0086,-62.3989,70.97,98,100,4.21
1493162,Salym,RU,60.0625,71.4789,38.26,86,100,9.75
2126710,Beringovskiy,RU,63.05,179.3167,41.43,94,100,11.41
2138522,Poya,NC,-21.35,165.15,76.44,52,16,0.22
110690,Abhā,SA,18.2164,42.5053,62.85,29,0,0.0
964420,Port Elizabeth,ZA,-33.918,25.5701,52.09,87,0,14.97
2055868,Yantal',RU,56.8471,105.2542,47.64,58,100,9.55
1643920,Gombong,ID,-7.6072,109.5142,85.96,61,100,6.73
57000,Hobyo,SO,5.3505,48.5268,79.54,76,49,18.68
2136825,Isangel,VU,-19.55,169.2667,80.71,47,3,11.5
2063056,Port Augusta,AU,-32.5,137.7667,59.14,42,20,17.74
2074865,Carnarvon,AU,-24.8667,113.6333,91.47,14,0,11.5
2112309,Katsuura,JP,35.1333,140.3,78.91,64,49,10.56
1489656,Teya,RU,60.3778,92.6267,37.11,88,100,7.52
6144312,Sept-Îles,CA,50.2001,-66.3821,50.52,93,40,4.61
2022572,Khatanga,RU,71.9667,102.5,33.66,99,100,5.66
2126123,Chokurdakh,RU,70.6333,147.9167,35.4,48,98,10.04
2180815,Tuatapere,NZ,-46.1333,167.6833,51.13,71,54,6.31
6929460,Panzhihua,CN,26.5851,101.7128,81.5,55,1,2.08
3430863,Mar del Plata,AR,-38.0023,-57.5575,46.35,77,0,12.57
1259385,Port Blair,IN,11.6667,92.75,79.43,86,100,8.88
4032420,Neiafu,TO,-18.65,-173.9833,79.48,69,40,5.75
546105,Nikolskoye,RU,59.7035,30.7861,40.89,80,100,6.33
3652764,Puerto Ayora,EC,-0.7393,-90.3518,67.66,84,39,8.1
100926,Umluj,SA,25.0213,37.2685,87.06,62,23,6.26
2264557,Ponta do Sol,PT,32.6667,-17.1,70.43,82,27,7.54
3466165,Cidreira,BR,-30.1811,-50.2056,65.26,94,70,14.47
2757220,Den Helder,NL,52.9599,4.7593,51.98,82,90,6.91
5861897,Fairbanks,US,64.8378,-147.7164,37.38,58,90,1.14
3598787,Champerico,GT,14.3,-91.9167,80.29,81,96,4.18
3899695,Ancud,CL,-41.8697,-73.8203,40.53,84,0,6.93
2629833,Husavik,IS,66.0449,-17.3389,40.91,81,100,7.09
2071860,Esperance,AU,-33.8667,121.9,67.84,39,0,4.83
4360369,Laurel,US,39.0993,-76.8483,64.38,83,40,0.0
1529102,Ürümqi,CN,43.801,87.6005,58.15,25,0,4.47
3832899,Viedma,AR,-40.8135,-62.9967,45.18,58,0,8.81
2098329,Daru,PG,-9.0763,143.2092,78.53,89,92,15.48
3894426,Coyhaique,CL,-45.5752,-72.0662,39.15,87,0,3.44
3893726,Constitución,CL,-35.3333,-72.4167,50.45,72,0,5.28
3382160,Cayenne,GF,4.9333,-52.3333,75.24,94,40,0.0
2068655,Katherine,AU,-14.4667,132.2667,97.12,13,88,21.85
3468732,Buritis,BR,-15.6178,-46.4233,78.35,35,21,2.21
933995,Souillac,MU,-20.5167,57.5167,71.98,56,20,8.05
4726521,San Patricio,US,28.017,-97.5169,84.25,77,0,13.94
3374333,Praia,CV,14.9215,-23.5087,79.34,89,20,12.66
64814,Bandarbeyla,SO,9.4942,50.8122,81.75,65,22,24.74
5374920,Morro Bay,US,35.3658,-120.8499,70.05,54,0,2.17
1507390,Dikson,RU,73.5069,80.5464,34.86,77,75,9.53
1540711,Muravlenko,RU,63.7898,74.523,34.63,98,100,13.96
3471451,Arraial do Cabo,BR,-22.9661,-42.0278,70.77,91,94,23.73
3393692,Itarema,BR,-2.9248,-39.9167,78.04,79,73,15.43
1862505,Hirara,JP,24.8,125.2833,88.07,74,40,9.22
2450173,Taoudenni,ML,22.6783,-3.9836,89.46,11,0,8.32
5364271,Laguna,US,38.421,-121.4238,72.45,36,1,3.44
1516048,Khovd,MN,48.0056,91.6419,58.59,10,3,7.74
1485020,Znamenskoye,RU,57.1281,73.8282,37.78,77,99,9.62
2032201,Bulgan,MN,48.8125,103.5347,61.14,33,20,17.22
3105522,Bereda,ES,43.2686,-7.5406,51.55,92,49,5.82
2176639,Batemans Bay,AU,-35.7167,150.1833,59.61,43,52,16.33
777019,Vardø,NO,70.3705,31.1107,39.4,79,36,27.67
2155562,Nelson Bay,AU,-32.7167,152.15,59.05,71,99,29.08
2126785,Belaya Gora,RU,68.5333,146.4167,38.37,43,38,9.15
1280957,Jiayuguan City,CN,39.8167,98.3,73.33,16,96,8.9
1513491,Yangi Marg`ilon,UZ,40.4272,71.7189,70.52,32,0,4.61
2019951,Mirny,RU,62.5353,113.9611,52.32,58,65,12.71
479071,Umba,RU,66.6871,34.3429,41.16,79,69,4.68
2121025,Srednekolymsk,RU,67.45,153.6833,39.54,42,18,13.49
1244926,Hambantota,LK,6.1241,81.1185,88.14,74,40,12.66
2126199,Cherskiy,RU,68.75,161.3,35.51,49,48,7.38
2260401,Djambala,CG,-2.5447,14.7533,68.83,85,32,5.12
155405,Mafinga,TZ,-7.25,35.0667,69.57,63,0,5.03
3137469,Sørland,NO,67.667,12.6934,48.27,73,100,21.52
3522526,Nuevo Progreso,MX,23.1667,-97.95,77.27,91,4,5.37
2449893,Tessalit,ML,20.1986,1.0114,86.13,11,0,6.35
339219,Dessie,ET,11.1333,39.6333,61.52,51,32,0.98
6173864,Vernon,CA,50.2581,-119.2691,57.56,62,85,1.21
1262062,Naliya,IN,23.2667,68.8333,86.36,65,26,19.3
1254046,Tura,IN,25.5198,90.2201,79.38,77,89,4.65
6930743,Vzmorye,RU,54.6961,20.2361,50.09,63,63,10.18
1496503,Noyabrsk,RU,63.1994,75.4507,34.45,98,100,12.15
161974,Bereket,TM,39.2446,55.5154,76.05,20,0,13.0
2910302,Harrislee,DE,54.8,9.3833,51.17,76,98,10.36
3443061,Chui,UY,-33.6971,-53.4616,54.12,84,92,16.51
144448,Ahvāz,IR,31.3203,48.6693,80.55,32,0,2.3
2208248,Kaitangata,NZ,-46.2817,169.8464,48.65,89,100,7.34
5374376,Monterey,US,36.2505,-121.2516,62.37,33,0,5.59
3564124,Cienfuegos,CU,22.1461,-80.4356,77.14,94,83,4.61
4031574,Provideniya,RU,64.3833,-173.3,32.11,86,90,6.71
616136,Tsovinar,AM,40.157,45.4613,58.57,51,4,2.93
368246,Raja,SS,8.4596,25.678,69.31,98,99,0.83
2738381,Lata,PT,40.1629,-8.3327,61.21,68,0,7.18
4004293,Ixtapa,MX,20.7,-105.2,74.43,94,75,6.91
1267433,Kattivākkam,IN,13.2167,80.3167,89.69,56,61,7.56
1724435,Bogo,PH,11.0517,124.0055,84.85,70,91,10.02
3384986,Vitória do Mearim,BR,-3.4622,-44.8706,73.56,93,91,3.0
2521710,Antequera,ES,37.0194,-4.5612,62.1,92,1,3.2
3420768,Qasigiannguit,GL,68.8193,-51.1922,28.65,93,100,5.06
175007,Agarak,AM,39.2068,46.5446,69.13,48,0,3.29
1078553,Ampanihy,MG,-24.7,44.75,76.28,40,0,11.3
3354071,Oranjemund,NA,-28.55,16.4333,55.22,66,1,9.69
2729907,Longyearbyen,SJ,78.2186,15.6401,40.84,93,75,3.44
3628503,San Carlos,VE,9.6612,-68.5827,72.68,95,52,2.46
2980915,Arrondissement de Saint-Denis,FR,48.9167,2.3333,53.4,91,75,8.05
1787409,Yangmei,CN,24.1023,112.5618,88.54,57,27,0.29
3374210,São Filipe,CV,14.8961,-24.4956,79.77,85,73,6.2
1645133,Dumai,ID,1.6833,101.45,86.11,73,82,1.16
1214488,Meulaboh,ID,4.1363,96.1285,84.2,65,96,2.95
2070998,Geraldton,AU,-28.7667,114.6,86.41,16,0,17.27
3466980,Caravelas,BR,-17.7125,-39.2481,70.14,88,1,4.68
3418910,Upernavik,GL,72.7868,-56.1549,22.28,80,64,5.37
3141982,Rena,NO,61.1348,11.3641,43.21,95,100,4.36
569223,Cherepovets,RU,59.1333,37.9,33.62,86,0,8.95
934322,Mahébourg,MU,-20.4081,57.7,71.89,56,20,8.05
3985710,Cabo San Lucas,MX,22.8909,-109.9124,80.08,82,98,5.99
2018946,Novoil'insk,RU,51.6829,108.7143,44.35,93,100,6.46
5882953,Aklavik,CA,68.2191,-135.0107,38.23,97,100,12.44
3156868,Folldal,NO,62.1325,9.9968,39.2,98,100,5.17
2191911,Dargaville,NZ,-35.9333,173.8833,60.35,72,11,6.29
1625929,Sungai Penuh,ID,-2.0833,101.3833,75.54,74,92,3.98
3175788,Oga,IT,46.4631,10.347,44.55,93,89,4.07
3416888,Grindavik,IS,63.8424,-22.4338,45.07,93,90,18.41
1267390,Kavaratti,IN,10.5669,72.642,81.54,79,100,11.59
921786,Mitsamiouli,KM,-11.3847,43.2844,79.09,65,20,11.5
2171099,Codrington,AU,-38.2667,141.9667,52.12,76,99,14.47
6147353,Sicamous,CA,50.8331,-118.9856,52.77,64,97,3.89
342856,Bako,ET,5.7833,36.5667,68.88,65,85,4.14
6100069,Peace River,CA,56.2501,-117.286,50.31,61,90,5.75
4946620,Palmer,US,42.1584,-72.3287,55.36,100,1,0.0
3146487,Raudeberg,NO,61.9875,5.1352,52.47,83,46,23.91
3112075,Reinosa,ES,42.9996,-4.138,47.26,97,79,5.93
1861416,Ishigaki,JP,24.3448,124.1572,80.73,89,75,4.61
108410,Riyadh,SA,24.6877,46.7219,84.25,17,0,3.44
518488,Novonikolayevskiy,RU,50.9738,42.3649,52.34,82,100,5.95
2094342,Kavieng,PG,-2.5744,150.7967,84.18,68,89,3.15
5557293,Sitka,US,57.0531,-135.33,55.29,76,90,11.5
3939761,Hualmay,PE,-11.0964,-77.6139,60.46,84,73,8.46
1214026,Sabang,ID,5.8933,95.3214,82.51,75,100,18.34
1282027,Malé,MV,4.1748,73.5089,85.95,74,20,9.22
3007679,Arrondissement de Langres,FR,47.8333,5.3333,49.05,95,14,4.34
211647,Lodja,CD,-3.4833,23.4333,71.31,80,74,1.43
748870,Çubuk,TR,40.2386,33.0322,53.06,82,40,6.91
2139521,Noumea,NC,-22.2763,166.4572,80.58,56,4,1.63
1701054,Marawi,PH,7.9986,124.2928,78.82,79,89,2.95
1252919,Warud,IN,21.4667,78.2667,82.31,79,80,7.2
1510377,Belyy Yar,RU,53.6039,91.3903,46.29,61,0,11.18
92004,Rāwah,IQ,34.4816,41.9093,81.59,32,0,11.99
2013918,Ust-Maya,RU,60.4167,134.5333,43.74,72,95,5.91
3440777,Rocha,UY,-34.4833,-54.3333,52.32,78,92,17.96
934479,Grand Gaube,MU,-20.0064,57.6608,72.0,63,73,20.56
7372400,Weihe,CN,32.9952,105.3247,73.09,63,28,6.78
2446796,Bilma,NE,18.6853,12.9164,82.02,16,3,5.39
8079926,Labuhan,ID,-6.8844,112.2051,86.58,61,98,5.93
1488788,Tyubuk,RU,56.0552,60.9405,41.88,61,6,4.12
3994469,Ojinaga,MX,29.5667,-104.4167,88.75,29,75,13.8
324496,Aksaray,TR,38.3726,34.0254,58.59,37,0,4.14
286621,Salalah,OM,17.0151,54.0924,80.69,83,75,2.3
1529376,Korla,CN,41.7597,86.1469,82.69,14,12,4.32
1337605,Mahibadhoo,MV,3.7833,72.9667,83.7,72,19,10.89
2645198,Kirkwall,GB,58.9848,-2.9587,55.45,88,75,16.11
1071296,Antalaha,MG,-14.9003,50.2788,74.44,65,75,10.31
4153367,Doctor Phillips,US,28.4495,-81.4923,75.78,94,75,4.61
1529660,Aksu,CN,41.1231,80.2644,81.68,17,0,2.51
2122850,Nikolayevsk-on-Amur,RU,53.1406,140.73,58.82,36,1,7.9
2123814,Leningradskiy,RU,69.3833,178.4167,24.53,84,95,10.96
5924351,Clyde River,CA,70.4692,-68.5914,28.35,72,86,5.41
5972291,Havre-St-Pierre,CA,50.2334,-63.5986,44.96,93,1,4.61
1283285,Jumla,NP,29.2747,82.1838,71.33,62,83,6.11
5354943,Half Moon Bay,US,37.4636,-122.4286,71.46,34,20,5.75
3352263,Warmbad,NA,-28.45,18.7333,48.74,62,0,8.95
2132606,Samarai,PG,-10.6167,150.6667,78.78,87,100,14.38
3351663,Benguela,AO,-12.5763,13.4055,71.01,85,93,6.11
6354894,Portneuf,CA,46.6906,-71.8901,54.73,88,43,4.61
2017215,Sangar,RU,63.9242,127.4739,44.58,64,31,5.48
5554072,Juneau,US,58.3019,-134.4197,51.8,82,90,14.97
1803367,Linqing,CN,36.8456,115.7117,79.36,56,0,3.42
3579925,St. George's,GD,12.0564,-61.7485,81.25,74,19,11.01
4160812,Key West,US,24.5557,-81.7826,82.4,83,1,4.61
1816440,Bengbu,CN,32.9408,117.3608,84.94,57,0,16.6
778707,Mehamn,NO,71.0357,27.8492,37.35,70,0,20.71
2112444,Kamaishi,JP,39.2667,141.8833,77.95,70,0,13.35
2181625,Te Anau,NZ,-45.4167,167.7167,47.5,86,87,5.37
1688696,San Policarpo,PH,12.1791,125.5072,83.97,73,27,9.93
686090,Asău,RO,46.4333,26.4,45.52,88,98,0.72
1651810,Airai,TL,-8.9266,125.4092,78.22,37,67,6.6
3356343,Karasburg,NA,-28.0167,18.75,46.38,58,0,10.6
2610343,Vestmanna,FO,62.1564,-7.1664,50.92,82,90,20.71
1337617,Muli,MV,2.9167,73.5667,83.34,72,12,10.8
5503914,Fallon,US,39.4735,-118.7774,57.07,26,1,3.44
2986626,Plouzané,FR,48.3833,-4.6167,52.88,96,90,3.44
3839307,Rawson,AR,-43.3002,-65.1023,53.78,44,0,9.73
1638775,Payo,ID,-3.7508,103.6372,86.9,63,78,2.42
1855540,Naze,JP,28.3667,129.4833,81.52,63,0,4.34
2439376,Tahoua,NE,14.8888,5.2692,82.56,56,88,8.28
1259184,Puri,IN,19.8,85.85,84.72,84,100,8.88
1260674,Palmaner,IN,13.2,78.75,85.39,49,84,9.24
1486321,Yar-Sale,RU,66.8333,70.8333,37.72,98,100,9.84
2399001,Mayumba,GA,-3.432,10.6554,74.44,85,100,4.27
2399371,Makokou,GA,0.5738,12.8642,68.74,100,65,2.46
161901,Kaka,TM,37.3482,59.6143,76.28,20,0,4.27
2522875,Province of Trapani,IT,37.8333,12.6667,66.29,94,40,3.44
2059470,Victor Harbor,AU,-35.5667,138.6167,57.29,61,92,13.31
2271968,Aljezur,PT,37.3191,-8.8033,63.55,58,0,9.33
3374083,Bathsheba,BB,13.2167,-59.5167,83.01,74,40,12.66
1253257,Vengurla,IN,15.8667,73.6333,82.13,75,72,4.85
1337607,Kudahuvadhoo,MV,2.6708,72.8944,83.48,73,45,10.36
1015776,Bredasdorp,ZA,-34.5322,20.0403,47.52,81,63,2.3
1174872,Karachi,PK,24.9056,67.0822,85.82,66,75,17.27
5954718,Flin Flon,CA,54.7682,-101.865,42.75,84,36,5.64
3738301,El Tarra,CO,8.5756,-73.0949,74.03,98,100,2.37
3451138,Rio Grande,BR,-32.035,-52.0986,57.31,89,99,22.62
2643044,Margate,GB,51.3813,1.3862,49.86,83,74,1.28
2334756,Kaura Namoda,NG,12.5898,6.5779,75.67,77,73,6.29
2137773,Vao,NC,-22.6667,167.4833,71.13,67,28,15.1
3670218,San Andrés,CO,12.5847,-81.7006,82.42,83,40,8.05
468747,Yashkul',RU,46.1711,45.3435,71.47,53,83,5.26
2396853,Omboué,GA,-1.5746,9.2618,74.48,87,100,5.01
1282256,Hithadhoo,MV,-0.6,73.0833,83.44,74,100,11.88
935214,Saint-Pierre,RE,-21.3393,55.4781,73.08,56,0,21.85
1253628,Ginda,IN,30.6945,78.4932,71.92,76,44,4.7
5431716,Montrose,US,38.4166,-108.2673,39.74,38,0,1.34
2063036,Port Lincoln,AU,-34.7333,135.8667,55.38,65,100,13.27
1067565,Beloha,MG,-25.1667,45.05,73.56,48,2,8.12
3445847,Ubatuba,BR,-23.4339,-45.0711,75.97,74,8,4.34
60019,Eyl,SO,7.9803,49.8164,81.72,64,21,20.89
5703673,Elko,US,41.0002,-115.5012,48.22,26,6,4.09
1629965,Tanete,ID,-3.9443,119.7848,71.82,90,100,2.57
4167519,Palm Beach Gardens,US,26.8234,-80.1386,76.84,95,90,10.36
5554428,Ketchikan,US,55.3422,-131.6461,55.87,94,90,11.5
1488903,Turukhansk,RU,65.8167,87.9833,44.55,67,99,7.96
4033356,Tiarei,PF,-17.5333,-149.3333,78.82,75,9,13.65
1489822,Tegul'det,RU,57.3064,88.1667,39.43,82,100,10.76
3911925,La Paz,BO,-16.5,-68.15,46.38,81,75,6.91
4010589,El Carrizo,MX,24.0261,-106.8814,77.79,86,97,1.83
2961459,Skibbereen,IE,51.55,-9.2667,57.0,88,73,1.97
1835848,Seoul,KR,37.5683,126.9778,77.65,67,75,9.22
3423146,Ilulissat,GL,69.2167,-51.1,28.42,80,75,18.41
4033557,Tautira,PF,-17.7333,-149.15,78.82,76,15,13.33
2805597,Wurzen,DE,51.3667,12.7333,49.87,54,100,3.04
1276574,Bela,IN,25.9333,81.9833,88.68,66,80,7.72
3419842,Sisimiut,GL,66.9395,-53.6735,33.12,85,100,12.12
4499379,Wilmington,US,34.2257,-77.9447,73.31,94,1,12.66
738803,Terme,TR,41.2092,36.9739,64.33,58,36,6.2
2145214,Victoria Point,AU,-27.5833,153.3,69.78,23,1,23.38
3403687,Camocim,BR,-2.9022,-40.8411,76.91,85,54,11.72
2168305,Dubbo,AU,-32.25,148.6167,51.93,54,90,17.27
1002145,George,ZA,-33.963,22.4617,44.15,81,0,5.75
6255012,Flinders,AU,-34.5833,150.8552,60.08,51,29,22.3
1216265,Samarkand,UZ,39.6542,66.9597,71.02,28,0,4.61
2720679,Bollnäs,SE,61.3482,16.3946,41.47,93,100,4.36
2276492,Harper,LR,4.375,-7.7169,76.8,87,49,6.73
53372,Oodweyne,SO,9.4092,45.064,76.39,45,26,19.82
5919850,Chapais,CA,49.7834,-74.8492,56.98,60,93,9.75
2161515,Kiama,AU,-34.6833,150.8667,60.28,54,32,24.02
1855342,Nishihara,JP,26.1842,127.7558,85.51,74,75,4.61
1812256,Dongsheng,CN,39.8161,109.9776,73.22,18,3,13.29
4006387,Etchoropo,MX,26.7667,-109.6667,84.36,74,53,8.21
3865086,Bahía Blanca,AR,-38.7196,-62.2724,45.46,57,0,5.06
1261375,Nimāparha,IN,20.0667,86.0167,84.6,87,100,7.31
1502060,Krasnoural'sk,RU,58.3638,60.0407,43.38,57,25,7.9
3361142,Springbok,ZA,-29.6643,17.8865,45.59,59,1,14.27
4231997,Avera,US,33.194,-82.5271,72.5,98,100,6.78
88834,Tūkrah,LY,32.5341,20.5791,82.4,32,0,3.96
3421982,Maniitsoq,GL,65.4167,-52.9,31.86,54,33,5.75
3421319,Nuuk,GL,64.1835,-51.7216,32.61,80,75,0.0
2128983,Nayoro,JP,44.3506,142.4578,71.65,49,97,6.44
962367,Richards Bay,ZA,-28.783,32.0377,64.24,74,100,16.22
3945985,Camaná,PE,-16.6228,-72.7111,60.57,86,100,6.02
1162862,Uthal,PK,25.8072,66.6219,87.12,63,29,4.59
2170577,Cooma,AU,-36.2333,149.1333,46.17,57,75,21.85
3491355,Black River,JM,18.0264,-77.8487,80.6,84,29,3.67
149929,Sikonge,TZ,-5.6333,32.7667,70.29,55,0,8.52
2716166,Enköping,SE,59.6361,17.0777,40.78,73,100,5.35
6180550,Whitehorse,CA,60.7161,-135.0538,43.57,87,75,16.11
2067119,Mandurah,AU,-32.55,115.7,73.65,47,0,9.66
3395981,Maceió,BR,-9.6658,-35.7353,72.84,100,75,3.44
1106643,Quatre Cocos,MU,-20.2078,57.7625,71.71,61,74,15.12
1280037,Shache,CN,38.4167,77.2406,84.33,11,60,10.18
2156927,Moree,AU,-29.4667,149.85,57.22,33,75,24.16
2015352,Terney,RU,45.0503,136.6092,60.94,74,100,1.79
3580733,Bodden Town,KY,19.2833,-81.25,83.3,75,74,9.06
2630299,Hofn,IS,64.2539,-15.2082,48.07,69,100,2.89
2212775,Sabha,LY,27.0377,14.4283,79.02,22,0,9.28
933726,Tshane,BW,-24.0196,21.8684,51.75,33,0,8.68
2084442,Vanimo,PG,-2.6741,141.3028,84.56,71,90,8.46
240498,Bangassou,CF,4.7413,22.8184,69.21,96,80,1.88
700159,Mykolayivka,UA,47.5414,30.7561,47.73,70,85,13.18
6620339,Karratha,AU,-20.7377,116.8463,92.01,22,89,23.31
3146160,Melbu,NO,68.5044,14.8297,47.98,64,93,13.02
5404198,Twentynine Palms,US,34.1356,-116.0542,79.0,16,0,4.14
6145951,Shellbrook,CA,53.2168,-106.4011,40.23,59,55,4.32
1816336,Binzhou,CN,37.3667,118.0167,76.78,66,9,8.66
1856392,Muroto-misakicho,JP,33.2833,134.15,82.44,81,55,15.95
2138555,Poum,NC,-20.2333,164.0167,73.09,66,3,18.68
2077895,Alice Springs,AU,-23.7,133.8833,63.95,24,3,18.41
1489401,Toora-Khem,RU,52.4675,96.11,42.87,56,77,5.59
1701394,Manuk Mangkaw,PH,4.8,119.85,80.62,79,100,7.54
3628473,San Cristobal,VE,7.7669,-72.225,66.22,96,100,1.79
6089245,Norman Wells,CA,65.282,-126.8329,53.64,47,75,12.66
2012956,Yerbogachën,RU,61.2767,108.0108,47.21,85,100,11.65
4013679,Coahuayana Viejo,MX,18.7333,-103.6833,76.15,92,48,2.64
2338660,Yaan,NG,7.3833,8.5667,72.55,97,100,5.06
212730,Kisangani,CD,0.5167,25.2,70.27,99,98,1.3
575521,Bogorodskoye,RU,56.55,37.8833,37.6,97,100,13.31
6104841,Pincher Creek,CA,49.4833,-113.952,49.06,55,1,16.11
1282635,Tulsīpur,NP,28.131,82.2973,81.12,74,75,3.94
2192362,Christchurch,NZ,-43.5333,172.6333,66.4,37,93,12.66
3407762,Amapá,BR,1.0,-52.0,70.12,99,92,0.67
3531865,Cadereyta,MX,25.5833,-99.9833,84.92,62,8,7.25
2090021,Namatanai,PG,-3.6667,152.4333,83.64,71,100,6.8
3642833,El Limon,VE,10.3059,-67.6321,72.63,85,52,2.28
6169141,Trois-Rivières,CA,46.3501,-72.5491,58.28,76,1,2.3
3361934,Saldanha,ZA,-33.0117,17.9442,44.65,70,100,10.36
5134295,Rome,US,43.2128,-75.4557,60.94,82,1,5.75
1525988,Ayagoz,KZ,47.9714,80.4392,52.79,27,57,4.81
2015428,Tayturka,RU,52.8692,103.4608,51.46,44,100,8.57
293842,Kiryat Gat,IL,31.61,34.7642,74.08,67,0,2.93
2647356,Hastings,GB,50.8552,0.5729,47.95,85,66,6.91
1045114,Inhambane,MZ,-23.865,35.3833,69.78,78,75,3.44
5295143,Fortuna Foothills,US,32.6578,-114.4119,87.28,40,1,9.22
6060839,Louiseville,CA,46.2559,-72.9415,59.72,72,88,11.5
5767918,Pierre,US,44.3683,-100.351,56.32,62,1,12.66
2191562,Dunedin,NZ,-45.8742,170.5036,50.45,82,100,7.72
2159220,Mackay,AU,-21.15,149.2,84.18,37,42,11.5
5367788,Lompoc,US,34.6391,-120.4579,63.54,73,1,3.44
2033196,Zhangjiakou,CN,40.81,114.8794,68.4,46,17,12.26
6690296,Saint-Joseph,RE,-21.3667,55.6167,71.98,66,77,13.96
2619537,Hvide Sande,DK,56.0045,8.1294,50.29,80,100,16.69
585227,Qax,AZ,41.4225,46.9242,65.39,49,1,3.47
2139259,Ouégoa,NC,-20.35,164.4333,75.18,56,19,9.91
474354,Verkhovazh'ye,RU,60.7472,42.0465,35.15,81,97,6.89
4676798,Brownwood,US,31.7093,-98.9912,85.71,37,1,9.22
1217662,Romitan,UZ,39.9343,64.3814,64.35,29,0,11.5
2123621,Mago,RU,53.2514,140.1822,59.76,33,1,9.57
3936456,Lima,PE,-12.0432,-77.0282,57.45,88,0,9.22
3855065,General Roca,AR,-39.0333,-67.5833,48.6,37,0,10.54
1802276,Longyan,CN,25.1072,117.0225,92.34,48,58,5.08
480884,Tsil'na,RU,54.5953,48.1414,44.15,59,100,12.53
3429594,Reconquista,AR,-29.15,-59.65,61.54,76,97,12.5
499055,Samarskoye,RU,46.9336,39.6814,56.21,68,97,12.46
1060283,Maroantsetra,MG,-15.4333,49.7333,71.06,77,74,0.22
2450849,Sokolo,ML,14.7328,-6.1219,80.67,53,33,10.11
226361,Sembabule,UG,-0.0772,31.4567,66.47,79,53,3.4
315498,Heraclea,TR,37.5133,34.0467,71.65,33,0,1.43
2661228,Cham,CH,47.1821,8.4636,53.47,94,90,2.3
6167817,Torbay,CA,47.6666,-52.7314,41.77,81,1,11.5
1496073,Orlik,RU,52.5178,99.825,44.55,45,99,2.93
1082243,Ambilobe,MG,-13.2,49.05,78.85,45,2,7.16
1651591,Amahai,ID,-3.3333,128.9167,80.33,82,99,5.5
2445488,Dosso,NE,13.049,3.1937,77.45,73,69,6.58
2015179,Tommot,RU,58.9564,126.2925,53.87,50,1,9.15
472878,Vokhtoga,RU,58.8147,41.0461,37.09,75,100,9.22
2119283,Zyryanka,RU,65.75,150.85,35.15,76,96,9.46
5582371,Steamboat Springs,US,40.485,-106.8317,45.63,63,90,6.91
5746545,Portland,US,45.5234,-122.6762,62.11,65,20,5.75
3894406,Coihueco,CL,-36.6167,-71.8333,48.94,76,0,8.05
3459035,Lajeado,BR,-29.4669,-51.9614,70.66,99,57,5.86
3372760,Praia da Vitória,PT,38.7333,-27.0667,70.05,88,75,13.0
3674676,Mitú,CO,1.1983,-70.1733,71.08,98,69,1.01
6453373,Kongsberg,NO,59.6652,9.6465,49.06,91,100,3.29
6171633,Ucluelet,CA,48.9329,-125.5528,55.09,85,97,2.89
2021017,Kysyl-Syr,RU,63.8986,122.7617,47.82,50,98,9.17
3041732,Mariehamn,AX,60.0973,19.9348,46.9,59,84,2.77
2194098,Ahipara,NZ,-35.1667,173.1667,60.1,76,73,7.2
2125693,Evensk,RU,61.95,159.2333,45.95,85,100,19.86
1503037,Kodinsk,RU,58.6881,99.1844,45.36,58,57,9.95
4179667,Americus,US,32.0724,-84.2327,76.86,88,59,4.61
2433055,Dourbali,TD,11.8091,15.8632,74.41,81,71,6.67
3445026,Vila Velha,BR,-20.3297,-40.2925,73.35,83,20,8.05
3693584,Pimentel,PE,-6.8367,-79.9342,62.17,88,23,12.66
172515,Abu Samrah,SY,35.3029,37.1841,77.43,37,0,5.28
3662342,São Gabriel da Cachoeira,BR,-0.1303,-67.0892,74.61,85,94,2.57
1264976,Leh,IN,34.1667,77.5833,60.1,39,17,5.95
1510916,Barabinsk,RU,55.3571,78.357,41.22,83,100,14.07
1714733,Dingle,PH,10.9995,122.6711,84.16,76,100,5.93
523392,Naryan-Mar,RU,67.6713,53.087,41.45,80,100,12.37
3108680,Soria,ES,41.6667,-2.6667,42.03,88,3,3.69
484232,Tashla,RU,51.7716,52.7427,51.3,36,100,12.01
1626542,Sorong,ID,-0.8833,131.25,82.47,71,93,3.18
3459352,Ladário,BR,-19.0047,-57.6017,79.36,25,2,0.81
2112802,Hasaki,JP,35.7333,140.8333,77.4,60,75,8.55
6457405,Province of Vibo Valentia,IT,38.6996,16.1274,57.79,65,64,0.89
5294810,Flagstaff,US,35.1981,-111.6513,52.66,58,1,0.0
2027198,Balagansk,RU,54.0103,103.0544,51.19,46,38,6.53
3459088,Laje,BR,-10.1833,-40.9667,67.46,64,82,6.08
2510573,Teguise,ES,29.0605,-13.564,66.42,78,0,8.05
5110365,Broome,US,42.2506,-75.833,61.2,82,1,10.36
1337610,Thinadhoo,MV,0.5333,72.9333,83.16,74,18,10.58
4159553,Immokalee,US,26.4187,-81.4173,75.02,100,90,5.75
1788852,Xining,CN,36.6167,101.7667,65.68,24,0,3.11
2232593,Douala,CM,4.0483,9.7043,75.11,100,75,2.3
3430443,Necochea,AR,-38.5473,-58.7368,45.09,81,0,7.7
5969025,Haines Junction,CA,60.7522,-137.5108,40.95,93,100,2.3
6145425,Shaunavon,CA,49.6501,-108.4181,42.58,48,7,6.15
1159384,Tāybād,IR,34.74,60.7756,76.24,19,0,13.24
2027044,Batagay,RU,67.6333,134.6333,42.91,55,100,2.46
2120591,Tilichiki,RU,60.4667,166.1,46.42,81,100,15.01
157429,Kilindoni,TZ,-7.9139,39.6668,77.02,79,26,10.65
103630,Najrān,SA,17.4924,44.1277,74.05,18,9,9.33
2028164,Deputatsky,RU,69.3,139.9,31.32,57,99,4.76
236901,Ouadda,CF,8.0777,22.4007,68.68,98,62,1.25
5671996,Polson,US,47.6936,-114.1632,48.34,72,61,4.9
3421193,Paamiut,GL,61.994,-49.6678,33.93,65,35,17.9
456008,Rūjiena,LV,57.8975,25.3316,41.25,85,97,5.97
286245,Sur,OM,22.5667,59.5289,90.07,54,4,5.12
4031637,Lavrentiya,RU,65.5833,-171.0,34.66,66,66,1.61
3907584,Potosí,BO,-19.5836,-65.7531,42.31,79,100,7.23
1731248,Alugan,PH,12.2188,125.4808,84.27,72,32,9.75
752584,Akçakoca,TR,41.0866,31.1162,69.57,81,78,3.58
1501706,Krutikha,RU,53.9599,81.2093,43.68,73,100,8.37
5116602,Endicott,US,42.0984,-76.0494,61.66,82,1,10.36
4726206,San Antonio,US,29.4241,-98.4936,84.24,69,1,10.36
371745,Kutum,SD,14.2,24.6667,77.07,37,97,3.42
1495626,Pangody,RU,65.85,74.4859,35.49,99,100,9.6
232287,Kanungu,UG,-0.9575,29.7897,64.83,74,71,1.28
3833112,Veinticinco de Mayo,AR,-35.4323,-60.1727,42.98,80,0,7.74
3833883,Trelew,AR,-43.249,-65.3051,53.8,40,0,8.41
2656847,Atherton,GB,53.5237,-2.4935,55.54,95,99,4.05
3420846,Qaqortoq,GL,60.7167,-46.0333,32.5,57,0,7.45
2447513,Arlit,NE,18.7369,7.3853,86.52,12,0,9.15
1490036,Tashtyp,RU,52.7939,89.8983,42.51,65,100,12.48
1623197,Tual,ID,-5.6667,132.75,79.77,80,78,13.4
4683462,Corsicana,US,32.0954,-96.4689,82.38,65,1,9.22
1863495,Gushikawa,JP,26.3544,127.8686,85.08,72,40,6.91
488206,Starozhilovo,RU,54.2254,39.916,44.28,93,100,11.16
1163054,Turbat,PK,26.0023,63.044,86.41,61,10,6.35
5955902,Fort Nelson,CA,58.8053,-122.7002,54.99,54,90,4.61
2094027,Kieta,PG,-6.2167,155.6333,83.03,75,94,6.44
588015,Palivere,EE,58.9664,23.8911,46.06,83,66,3.91
2408683,Gorahun,SL,7.4661,-11.2375,70.84,99,100,0.54
3404558,Cabedelo,BR,-6.9811,-34.8339,72.27,78,37,9.44
5007996,Saginaw,US,43.3334,-84.0333,72.46,88,75,11.5
244878,Biltine,TD,14.5333,20.9167,80.53,63,38,2.08
1631766,Pekalongan,ID,-6.8886,109.6753,87.13,57,100,6.78
1640660,Gondanglegi,ID,-7.7479,112.0132,89.91,49,99,9.19
4155751,Florida,US,28.7505,-82.5001,73.89,100,1,0.0
3691582,Talara,PE,-4.5772,-81.2719,64.67,81,11,16.08
3665202,Aripuanã,BR,-9.1667,-60.6333,78.42,57,45,1.9
3397763,Jacareacanga,BR,-6.2222,-57.7528,77.61,64,49,1.9
3933024,Paramonga,PE,-10.6667,-77.8333,60.26,86,78,8.1
3175096,Laas,IT,46.6166,10.7002,54.41,92,55,4.36
2412408,Nioro,GM,13.35,-15.75,76.64,96,48,5.61
901344,Ndola,ZM,-12.9587,28.6366,62.87,31,1,4.52
1636806,Majene,ID,-3.5403,118.9707,78.57,79,100,11.39
3887344,Illapel,CL,-31.6308,-71.1653,54.19,69,0,1.12
1571058,Phan Thiet,VN,10.9333,108.1,87.76,61,73,9.28
2514651,Los Llanos de Aridane,ES,28.6585,-17.9182,69.55,64,40,11.5
5314245,Show Low,US,34.2542,-110.0298,57.49,41,1,5.75
97783,Bayjī,IQ,34.9311,43.487,84.92,19,0,8.72
3155152,Gravdal,NO,68.1214,13.5031,48.09,53,75,17.27
2185763,Okato,NZ,-39.2,173.8833,55.6,77,81,11.68
1814093,Dali,CN,25.7,100.1833,73.13,57,32,1.72
1257804,Saharsa,IN,25.8833,86.6,87.24,65,15,12.64
3671437,Caucayá,CO,-0.1934,-74.7819,71.17,98,74,1.79
2015217,Tokur,RU,53.1333,132.9,53.69,66,69,5.06
4033543,Teahupoo,PF,-17.8333,-149.2667,73.36,76,15,13.91
102527,Sakakah,SA,29.9697,40.2064,78.37,24,0,7.02
